task_index,task_cost,phase_id
0,287,0
1,330,0
2,346,0
3,268,0
4,323,0
5,328,0
6,310,0
7,310,0
8,265,0
9,295,0
10,265,0
11,260,0
12,255,0
13,296,0
14,337,0
15,283,0
16,310,0
17,264,0
18,321,0
19,315,0
20,252,0
21,255,0
22,347,0
23,322,0
24,334,0
25,344,0
26,271,0
27,250,0
28,268,0
29,350,0
30,268,0
31,312,0
32,280,0
33,311,0
34,303,0
35,250,0
36,293,0
37,252,0
38,279,0
39,303,0
40,311,0
41,290,0
42,264,0
43,254,0
44,279,0
45,348,0
46,287,0
47,273,0
48,296,0
49,259,0
50,329,0
51,312,0
52,270,0
53,288,0
54,301,0
55,349,0
56,309,0
57,297,0
58,254,0
59,336,0
60,311,0
61,318,0
62,267,0
63,295,0
64,256,0
65,251,0
66,345,0
67,345,0
68,347,0
69,306,0
70,331,0
71,288,0
72,280,0
73,251,0
74,259,0
75,273,0
76,319,0
77,274,0
78,294,0
79,319,0
80,262,0
81,311,0
82,300,0
83,334,0
84,253,0
85,267,0
86,341,0
87,289,0
88,276,0
89,268,0
90,316,0
91,326,0
92,281,0
93,292,0
94,302,0
95,271,0
96,305,0
97,307,0
98,268,0
99,253,0
100,347,0
101,335,0
102,328,0
103,295,0
104,344,0
105,289,0
106,340,0
107,343,0
108,310,0
109,323,0
110,343,0
111,282,0
112,258,0
113,307,0
114,269,0
115,302,0
116,254,0
117,347,0
118,282,0
119,335,0
120,289,0
121,325,0
122,277,0
123,304,0
124,333,0
125,309,0
126,286,0
127,347,0
128,278,0
129,311,0
130,304,0
131,277,0
132,264,0
133,279,0
134,331,0
135,266,0
136,257,0
137,251,0
138,349,0
139,292,0
140,327,0
141,289,0
142,270,0
143,279,0
144,250,0
145,251,0
146,332,0
147,270,0
148,321,0
149,321,0
150,323,0
151,329,0
152,327,0
153,311,0
154,257,0
155,343,0
156,286,0
157,315,0
158,261,0
159,342,0
160,337,0
161,335,0
162,312,0
163,295,0
164,283,0
165,259,0
166,256,0
167,287,0
168,281,0
169,317,0
170,282,0
171,317,0
172,323,0
173,309,0
174,314,0
175,277,0
176,339,0
177,306,0
178,297,0
179,288,0
180,262,0
181,348,0
182,322,0
183,335,0
184,326,0
185,322,0
186,306,0
187,273,0
188,327,0
189,275,0
190,299,0
191,254,0
192,302,0
193,321,0
194,293,0
195,261,0
196,252,0
197,294,0
198,260,0
199,270,0
200,253,0
201,340,0
202,314,0
203,298,0
204,281,0
205,306,0
206,301,0
207,320,0
208,341,0
209,264,0
210,275,0
211,311,0
212,291,0
213,304,0
214,326,0
215,270,0
216,273,0
217,345,0
218,257,0
219,310,0
220,279,0
221,320,0
222,266,0
223,338,0
224,343,0
225,313,0
226,331,0
227,279,0
228,313,0
229,260,0
230,338,0
231,296,0
232,331,0
233,272,0
234,268,0
235,292,0
236,340,0
237,339,0
238,304,0
239,282,0
240,331,0
241,262,0
242,340,0
243,285,0
244,282,0
245,341,0
246,261,0
247,277,0
248,273,0
249,315,0
250,323,1
251,280,1
252,362,1
253,315,1
254,366,1
255,310,1
256,280,1
257,296,1
258,331,1
259,333,1
260,322,1
261,328,1
262,302,1
263,349,1
264,292,1
265,307,1
266,314,1
267,304,1
268,375,1
269,296,1
270,312,1
271,302,1
272,332,1
273,336,1
274,351,1
275,320,1
276,316,1
277,286,1
278,378,1
279,305,1
280,377,1
281,304,1
282,305,1
283,350,1
284,330,1
285,351,1
286,310,1
287,294,1
288,308,1
289,380,1
290,283,1
291,306,1
292,341,1
293,378,1
294,330,1
295,321,1
296,285,1
297,283,1
298,308,1
299,314,1
300,371,1
301,344,1
302,304,1
303,348,1
304,294,1
305,333,1
306,329,1
307,325,1
308,379,1
309,335,1
310,304,1
311,339,1
312,347,1
313,288,1
314,356,1
315,317,1
316,304,1
317,304,1
318,353,1
319,361,1
320,317,1
321,327,1
322,343,1
323,379,1
324,343,1
325,320,1
326,334,1
327,362,1
328,289,1
329,360,1
330,364,1
331,295,1
332,312,1
333,331,1
334,298,1
335,350,1
336,284,1
337,366,1
338,339,1
339,312,1
340,348,1
341,302,1
342,281,1
343,351,1
344,331,1
345,361,1
346,302,1
347,315,1
348,345,1
349,289,1
350,297,1
351,374,1
352,349,1
353,320,1
354,319,1
355,332,1
356,374,1
357,364,1
358,293,1
359,348,1
360,314,1
361,354,1
362,291,1
363,301,1
364,373,1
365,334,1
366,368,1
367,350,1
368,306,1
369,303,1
370,346,1
371,297,1
372,362,1
373,379,1
374,336,1
375,332,1
376,333,1
377,306,1
378,304,1
379,380,1
380,289,1
381,377,1
382,370,1
383,336,1
384,370,1
385,369,1
386,343,1
387,299,1
388,314,1
389,308,1
390,315,1
391,350,1
392,353,1
393,365,1
394,370,1
395,366,1
396,369,1
397,320,1
398,358,1
399,369,1
400,344,1
401,365,1
402,288,1
403,374,1
404,296,1
405,359,1
406,370,1
407,347,1
408,341,1
409,338,1
410,280,1
411,317,1
412,290,1
413,374,1
414,347,1
415,378,1
416,280,1
417,308,1
418,296,1
419,310,1
420,335,1
421,329,1
422,349,1
423,325,1
424,345,1
425,380,1
426,302,1
427,297,1
428,351,1
429,281,1
430,303,1
431,329,1
432,312,1
433,298,1
434,355,1
435,317,1
436,345,1
437,355,1
438,365,1
439,352,1
440,346,1
441,311,1
442,337,1
443,334,1
444,289,1
445,331,1
446,317,1
447,344,1
448,306,1
449,305,1
450,304,1
451,339,1
452,378,1
453,378,1
454,319,1
455,329,1
456,370,1
457,371,1
458,343,1
459,323,1
460,360,1
461,315,1
462,330,1
463,345,1
464,338,1
465,347,1
466,329,1
467,367,1
468,299,1
469,303,1
470,352,1
471,330,1
472,308,1
473,337,1
474,282,1
475,357,1
476,345,1
477,284,1
478,297,1
479,380,1
480,374,1
481,327,1
482,376,1
483,308,1
484,372,1
485,369,1
486,317,1
487,355,1
488,281,1
489,376,1
490,373,1
491,313,1
492,323,1
493,335,1
494,377,1
495,337,1
496,377,1
497,379,1
498,366,1
499,287,1
500,289,2
501,290,2
502,298,2
503,279,2
504,345,2
505,287,2
506,292,2
507,309,2
508,277,2
509,297,2
510,316,2
511,299,2
512,354,2
513,345,2
514,330,2
515,353,2
516,317,2
517,267,2
518,269,2
519,281,2
520,322,2
521,327,2
522,359,2
523,296,2
524,274,2
525,285,2
526,312,2
527,289,2
528,348,2
529,292,2
530,334,2
531,345,2
532,330,2
533,273,2
534,330,2
535,331,2
536,296,2
537,315,2
538,289,2
539,289,2
540,341,2
541,302,2
542,341,2
543,285,2
544,347,2
545,321,2
546,352,2
547,268,2
548,311,2
549,260,2
550,310,2
551,323,2
552,340,2
553,279,2
554,325,2
555,267,2
556,330,2
557,300,2
558,340,2
559,265,2
560,349,2
561,349,2
562,294,2
563,262,2
564,297,2
565,318,2
566,269,2
567,304,2
568,318,2
569,327,2
570,263,2
571,293,2
572,307,2
573,275,2
574,314,2
575,359,2
576,288,2
577,344,2
578,319,2
579,346,2
580,263,2
581,285,2
582,263,2
583,263,2
584,343,2
585,290,2
586,296,2
587,314,2
588,272,2
589,292,2
590,312,2
591,343,2
592,337,2
593,287,2
594,281,2
595,357,2
596,322,2
597,306,2
598,268,2
599,345,2
600,265,2
601,279,2
602,313,2
603,301,2
604,314,2
605,330,2
606,324,2
607,273,2
608,333,2
609,273,2
610,358,2
611,357,2
612,312,2
613,332,2
614,292,2
615,264,2
616,340,2
617,300,2
618,287,2
619,303,2
620,304,2
621,335,2
622,267,2
623,285,2
624,262,2
625,278,2
626,357,2
627,268,2
628,344,2
629,303,2
630,330,2
631,329,2
632,301,2
633,265,2
634,277,2
635,352,2
636,275,2
637,304,2
638,285,2
639,284,2
640,315,2
641,269,2
642,332,2
643,278,2
644,326,2
645,354,2
646,288,2
647,324,2
648,356,2
649,312,2
650,334,2
651,326,2
652,315,2
653,304,2
654,321,2
655,333,2
656,302,2
657,264,2
658,285,2
659,317,2
660,295,2
661,276,2
662,336,2
663,272,2
664,261,2
665,294,2
666,271,2
667,269,2
668,264,2
669,269,2
670,264,2
671,291,2
672,346,2
673,358,2
674,331,2
675,277,2
676,307,2
677,261,2
678,269,2
679,337,2
680,309,2
681,341,2
682,307,2
683,294,2
684,277,2
685,306,2
686,303,2
687,325,2
688,300,2
689,264,2
690,322,2
691,355,2
692,324,2
693,349,2
694,264,2
695,286,2
696,297,2
697,261,2
698,323,2
699,354,2
700,310,2
701,310,2
702,346,2
703,314,2
704,326,2
705,329,2
706,276,2
707,322,2
708,267,2
709,355,2
710,324,2
711,355,2
712,262,2
713,347,2
714,319,2
715,324,2
716,354,2
717,340,2
718,318,2
719,328,2
720,299,2
721,317,2
722,324,2
723,272,2
724,306,2
725,341,2
726,315,2
727,342,2
728,355,2
729,323,2
730,298,2
731,342,2
732,357,2
733,325,2
734,351,2
735,280,2
736,279,2
737,287,2
738,267,2
739,281,2
740,270,2
741,298,2
742,261,2
743,263,2
744,269,2
745,322,2
746,328,2
747,293,2
748,267,2
749,326,2
750,302,3
751,308,3
752,355,3
753,338,3
754,272,3
755,304,3
756,352,3
757,296,3
758,298,3
759,320,3
760,281,3
761,339,3
762,340,3
763,305,3
764,333,3
765,364,3
766,358,3
767,273,3
768,344,3
769,312,3
770,351,3
771,367,3
772,298,3
773,325,3
774,287,3
775,312,3
776,345,3
777,327,3
778,351,3
779,328,3
780,370,3
781,343,3
782,311,3
783,282,3
784,307,3
785,295,3
786,348,3
787,328,3
788,304,3
789,357,3
790,364,3
791,326,3
792,356,3
793,294,3
794,313,3
795,338,3
796,345,3
797,344,3
798,346,3
799,294,3
800,280,3
801,308,3
802,361,3
803,323,3
804,321,3
805,320,3
806,353,3
807,309,3
808,302,3
809,300,3
810,360,3
811,280,3
812,309,3
813,275,3
814,271,3
815,366,3
816,361,3
817,355,3
818,279,3
819,305,3
820,302,3
821,366,3
822,365,3
823,338,3
824,366,3
825,318,3
826,327,3
827,319,3
828,333,3
829,278,3
830,315,3
831,279,3
832,299,3
833,330,3
834,303,3
835,325,3
836,337,3
837,291,3
838,345,3
839,365,3
840,349,3
841,348,3
842,349,3
843,281,3
844,279,3
845,364,3
846,319,3
847,368,3
848,275,3
849,370,3
850,325,3
851,275,3
852,314,3
853,344,3
854,359,3
855,325,3
856,305,3
857,341,3
858,281,3
859,367,3
860,284,3
861,339,3
862,346,3
863,354,3
864,332,3
865,357,3
866,280,3
867,354,3
868,278,3
869,313,3
870,340,3
871,292,3
872,277,3
873,310,3
874,353,3
875,360,3
876,341,3
877,284,3
878,278,3
879,321,3
880,278,3
881,293,3
882,369,3
883,328,3
884,307,3
885,357,3
886,307,3
887,358,3
888,352,3
889,293,3
890,365,3
891,361,3
892,369,3
893,329,3
894,346,3
895,305,3
896,308,3
897,341,3
898,278,3
899,318,3
900,348,3
901,308,3
902,326,3
903,341,3
904,312,3
905,295,3
906,361,3
907,303,3
908,281,3
909,313,3
910,319,3
911,295,3
912,271,3
913,310,3
914,317,3
915,327,3
916,275,3
917,344,3
918,282,3
919,347,3
920,281,3
921,353,3
922,335,3
923,345,3
924,345,3
925,338,3
926,328,3
927,293,3
928,367,3
929,310,3
930,307,3
931,318,3
932,298,3
933,278,3
934,357,3
935,323,3
936,292,3
937,314,3
938,367,3
939,351,3
940,271,3
941,368,3
942,367,3
943,326,3
944,274,3
945,302,3
946,360,3
947,274,3
948,323,3
949,363,3
950,370,3
951,362,3
952,277,3
953,295,3
954,325,3
955,340,3
956,367,3
957,277,3
958,322,3
959,286,3
960,333,3
961,291,3
962,340,3
963,299,3
964,315,3
965,370,3
966,333,3
967,340,3
968,329,3
969,308,3
970,361,3
971,344,3
972,274,3
973,362,3
974,298,3
975,366,3
976,365,3
977,275,3
978,359,3
979,309,3
980,316,3
981,280,3
982,332,3
983,303,3
984,298,3
985,287,3
986,289,3
987,335,3
988,316,3
989,309,3
990,305,3
991,293,3
992,328,3
993,296,3
994,277,3
995,306,3
996,368,3
997,296,3
998,369,3
999,315,3
