rep,workload_seed,t_total_adaptive_ms,t_total_static_large_ms,t_total_static_matched_ms,t_total_inverted_adaptive_ms,mean_adaptive_chunk,n_chunks_adaptive,n_chunks_static_large,n_chunks_static_matched,n_chunks_inverted,arm_order
0,42,31545.4537,6844.9849,26230.6993,6929.1664,1572,509,80,509,83,"adaptive,static_large,static_matched,inverted_adaptive"
1,1000045,33915.8937,6831.4830,28115.0181,6827.5359,1457,549,80,550,82,"adaptive,static_matched,static_large,inverted_adaptive"
2,2000048,35165.4511,6872.7602,28751.0726,6962.6431,1404,570,80,570,82,"adaptive,static_large,static_matched,inverted_adaptive"
3,3000051,32113.1228,6876.1555,26170.4684,6746.6702,1575,508,80,508,87,"adaptive,static_matched,static_large,inverted_adaptive"
4,4000054,33026.4155,6961.1650,26192.0641,6852.9703,1572,509,80,509,82,"adaptive,static_large,static_matched,inverted_adaptive"
5,5000057,34565.0069,6972.3691,27438.6560,6879.5143,1493,536,80,536,82,"adaptive,static_matched,static_large,inverted_adaptive"
6,6000060,33619.6830,6981.5985,26854.0259,6860.5168,1541,519,80,520,82,"adaptive,static_large,static_matched,inverted_adaptive"
7,7000063,34526.2742,7007.8745,28403.2420,6779.2204,1434,558,80,558,82,"adaptive,static_matched,static_large,inverted_adaptive"
8,8000066,34409.5445,6842.6131,28491.1169,6901.6258,1429,560,80,560,82,"adaptive,static_large,static_matched,inverted_adaptive"
9,9000069,35141.7679,7028.9056,29219.6183,6988.7702,1396,573,80,574,84,"adaptive,static_matched,static_large,inverted_adaptive"
10,10000072,33647.6914,6951.5493,27868.9822,6906.9427,1460,548,80,548,81,"adaptive,static_large,static_matched,inverted_adaptive"
11,11000075,33973.5771,6893.6555,27226.4639,6721.9516,1512,529,80,530,81,"adaptive,static_matched,static_large,inverted_adaptive"
12,12000078,35535.4003,7012.2407,28831.1202,6962.7387,1416,565,80,565,81,"adaptive,static_large,static_matched,inverted_adaptive"
13,13000081,31192.5705,6904.4817,25416.1202,7044.7807,1619,494,80,495,81,"adaptive,static_matched,static_large,inverted_adaptive"
14,14000084,34003.9590,6921.3448,27027.5636,6855.5634,1524,525,80,525,82,"adaptive,static_large,static_matched,inverted_adaptive"
15,15000087,32361.0805,6763.2698,27272.8693,6846.7204,1501,533,80,533,84,"adaptive,static_matched,static_large,inverted_adaptive"
16,16000090,33737.2073,6894.5194,27645.5351,7019.7184,1484,539,80,540,86,"adaptive,static_large,static_matched,inverted_adaptive"
17,17000093,34105.2603,7027.2338,27335.0244,7047.8690,1507,531,80,531,81,"adaptive,static_matched,static_large,inverted_adaptive"
18,18000096,32275.9109,6994.9408,25263.2777,7052.1657,1633,490,80,490,83,"adaptive,static_large,static_matched,inverted_adaptive"
19,19000099,34539.1706,6886.9275,29036.1751,6938.9571,1394,574,80,574,81,"adaptive,static_matched,static_large,inverted_adaptive"
