chunk_id,chunk_size,time_ms,variance
1,50000,2.1002,0
2,50000,3.6281,0
3,50000,3.4124,0
4,50000,3.2859,0
5,50000,2.1304,0.434583
6,25000,1.6182,0.628155
7,12500,3.0977,0.500659
8,6250,3.3835,0.49266
9,3125,2.1956,0.428708
10,3125,1.6108,0.545622
11,3125,2.5608,0.400115
12,3125,2.8357,0.355761
13,3125,2.1794,0.170532
14,3125,1.6226,0.241598
15,3125,3.301,0.326121
16,3125,2.4711,0.325224
17,3125,2.8371,0.325422
18,3125,2.1589,0.327973
19,3125,4.0012,0.419216
20,3125,3.0843,0.396639
21,3125,3.011,0.348381
22,3125,2.7947,0.351745
23,3125,2.1202,0.36516
24,3125,3.2725,0.158955
25,3125,2.8999,0.147596
26,3125,2.3654,0.164872
27,3125,1.6166,0.337855
28,3125,3.9243,0.617072
29,3125,1.6968,0.726438
30,3125,2.8361,0.716899
31,3125,2.1095,0.73991
32,3125,3.4658,0.680455
33,3125,3.3453,0.475211
34,3125,2.8394,0.229844
35,3125,2.195,0.316921
36,3125,1.6038,0.495692
37,3125,3.4347,0.486194
38,3125,2.6471,0.379403
39,3125,2.3496,0.359913
40,3125,3.3467,0.45649
41,3125,2.9752,0.169033
42,3125,3.1234,0.124266
43,3125,1.9872,0.257634
44,3125,3.2392,0.239494
45,3125,3.9248,0.38832
46,3125,1.9739,0.578679
47,3125,3.339,0.60972
48,3125,2.3322,0.503788
49,3125,1.6091,0.748082
50,3125,2.9257,0.392658
51,3125,3.3945,0.452982
52,3125,2.1533,0.384392
53,3125,1.6137,0.510319
54,3125,3.1675,0.443744
55,3125,3.3275,0.513735
56,3125,2.1911,0.426204
57,3125,1.6027,0.549001
58,3125,2.8886,0.418023
59,3125,2.8742,0.36937
60,3125,3.2858,0.357127
61,3125,3.3057,0.387649
62,3125,2.1856,0.164856
63,3125,1.6029,0.439306
64,3125,2.5809,0.426866
65,3125,2.5799,0.310742
66,3125,2.0993,0.131163
67,3125,3.3571,0.339446
68,3125,3.883,0.404128
69,3125,3.0941,0.380755
70,3125,2.3127,0.437365
71,3125,2.1949,0.406325
72,3125,3.1283,0.379124
73,3125,3.0952,0.175783
74,3125,2.1056,0.202014
75,3125,2.3996,0.194371
76,3125,3.3259,0.222682
77,3125,2.3876,0.21643
78,3125,1.6014,0.315081
79,3125,3.9281,0.658134
80,3125,3.1209,0.646478
81,3125,2.5895,0.599772
82,3125,1.6707,0.7789
83,3125,3.1982,0.560457
84,3125,3.3426,0.374873
85,3125,3.3342,0.410864
86,3125,1.6013,0.661005
87,3125,2.5188,0.45086
88,3125,2.4108,0.424334
89,3125,2.3479,0.303704
90,3125,3.4122,0.332496
91,3125,3.826,0.361844
92,3125,1.5972,0.639423
93,3125,2.513,0.628502
94,3125,1.6394,0.819729
95,3125,3.3023,0.78585
96,3125,2.5221,0.405706
97,3125,3.6015,0.473146
98,3125,3.2476,0.499939
99,3125,3.2088,0.126158
100,3125,2.1342,0.285673
101,3125,2.9944,0.241878
102,3125,3.0593,0.166551
103,3125,2.1819,0.212393
104,3125,1.5945,0.310956
105,3125,2.5811,0.296673
106,3125,2.5349,0.236321
107,3125,2.1848,0.124678
108,3125,2.9153,0.200899
109,3125,3.0735,0.0967658
110,3125,2.107,0.147297
111,3125,1.6024,0.296945
112,3125,3.1994,0.383811
113,3125,2.4531,0.355912
114,3125,1.6157,0.353988
115,3125,2.3302,0.354056
116,3125,3.5515,0.464671
117,3125,3.7892,0.654667
118,3125,1.9804,0.746167
119,3125,1.6356,0.73797
120,3125,3.3448,0.769893
121,3125,3.3407,0.718721
122,3125,2.0996,0.5192
123,3125,1.6083,0.615746
124,3125,3.0996,0.507645
125,3125,2.4892,0.403617
126,3125,3.5199,0.467047
127,3125,3.2633,0.467866
128,3125,2.2671,0.22431
129,3125,1.6303,0.468767
130,3125,2.3324,0.48178
131,3125,1.6149,0.363441
132,3125,2.7881,0.201565
133,3125,2.9069,0.303027
134,3125,2.7745,0.226805
135,3125,3.2199,0.29924
136,3125,3.338,0.0533739
137,3125,2.1386,0.177345
138,3125,1.6203,0.426081
139,3125,3.2508,0.492146
140,3125,3.8406,0.679513
141,3125,2.8656,0.620674
142,3125,2.028,0.649378
143,3125,2.7142,0.359188
144,3125,3.6155,0.425832
145,3125,3.2651,0.28826
146,3125,1.5968,0.562118
147,3125,3.7979,0.627278
148,3125,2.0521,0.772554
149,3125,1.6127,0.813491
150,3125,3.4825,0.890637
151,3125,3.4419,0.762543
152,3125,2.503,0.554053
153,3125,2.6142,0.47727
154,3125,2.4537,0.214286
155,3125,3.6878,0.268942
156,3125,3.0118,0.212214
157,3125,3.5626,0.243044
158,3125,2.8765,0.206647
159,3125,2.1888,0.288315
160,3125,1.8003,0.388503
161,3125,3.1723,0.413413
162,3125,3.3317,0.34413
163,3125,3.3198,0.411494
164,3125,2.2159,0.405391
165,3125,1.6189,0.480873
166,3125,3.262,0.497968
167,3125,3.4124,0.517798
168,3125,1.5992,0.610188
169,3125,2.9636,0.638092
170,3125,2.8301,0.411433
171,3125,1.6163,0.5495
172,3125,3.1681,0.468358
173,3125,3.3324,0.369232
174,3125,3.1248,0.385093
175,3125,1.9164,0.512909
176,3125,2.0848,0.35776
177,3125,1.8995,0.390561
178,3125,2.5154,0.216044
179,3125,2.8171,0.130683
180,3125,2.9346,0.16206
181,3125,3.3002,0.220729
182,3125,2.8435,0.0635495
183,3125,1.906,0.21237
184,3125,3.3513,0.27017
185,3125,3.3124,0.303205
186,3125,2.1462,0.351248
187,3125,1.5961,0.534536
188,3125,2.917,0.473068
189,3125,2.2039,0.368544
190,3125,2.9315,0.258095
191,3125,3.091,0.32052
192,3125,2.1099,0.167145
193,3125,1.6153,0.299574
194,3125,2.6102,0.29569
195,3125,2.8528,0.282203
196,3125,2.7344,0.21195
197,3125,2.9006,0.225126
198,3125,3.4168,0.0761348
199,3125,3.2114,0.0635625
200,3125,2.1256,0.19774
201,3125,1.6431,0.450869
202,3125,3.223,0.498592
203,3125,2.7794,0.386955
204,3125,2.7634,0.308878
205,3125,2.215,0.296521
206,3125,3.1664,0.130567
207,3125,2.5624,0.0963951
208,3125,3.1584,0.131821
209,3125,3.0456,0.143466
210,3125,2.2202,0.142192
211,3125,1.6309,0.313185
212,3125,3.0245,0.354541
213,3125,2.1484,0.298595
214,3125,2.2647,0.198852
215,3125,2.1234,0.201805
216,3125,1.6058,0.208005
217,3125,2.7125,0.124846
218,3125,3.7279,0.509764
219,3125,2.6981,0.501304
220,3125,3.109,0.479266
221,3125,2.4308,0.203762
222,3125,1.5904,0.505382
223,3125,3.8741,0.568257
224,3125,3.1478,0.59299
225,3125,2.6675,0.57498
226,3125,2.2965,0.59459
227,3125,2.5796,0.306068
228,3125,1.6044,0.257842
229,3125,3.5301,0.386533
230,3125,3.7321,0.624033
231,3125,2.0318,0.683105
232,3125,2.0774,0.74676
233,3125,3.6628,0.60893
234,3125,3.685,0.64519
235,3125,3.0806,0.532173
236,3125,2.2529,0.462546
237,3125,2.2683,0.401612
238,3125,2.6918,0.29112
239,3125,2.1521,0.121814
240,3125,3.1343,0.13498
241,3125,3.9916,0.446903
242,3125,2.5711,0.391406
243,3125,2.9585,0.379703
244,3125,3.6187,0.249011
245,3125,3.3045,0.24544
246,3125,3.5105,0.147242
247,3125,3.0711,0.0629297
248,3125,3.2719,0.0367545
249,13125,3.6873,0.044734
250,23125,3.0003,0.0673957
251,23125,3.5196,0.0681453
252,23125,1.6229,0.542124
253,11562,3.7021,0.615013
254,5781,3.6722,0.611541
255,2890,3.0957,0.609063
256,2890,3.0255,0.569641
257,2890,2.6625,0.160064
258,2890,3.2382,0.10719
259,2890,3.0301,0.0361639
260,12890,3.3408,0.0541385
261,12890,2.1181,0.19819
262,12890,1.6097,0.466258
263,6445,1.8298,0.462056
264,3222,1.6119,0.418307
265,3222,3.3348,0.41534
266,3222,3.3725,0.675753
267,3222,3.2176,0.612158
268,3222,2.0993,0.532847
269,3222,2.4854,0.265234
270,3222,2.7335,0.218968
271,3222,1.604,0.301423
272,3222,3.457,0.386208
273,3222,3.7841,0.586619
274,3222,2.2198,0.632689
275,3222,3.471,0.711991
276,3222,1.6171,0.705189
277,3222,3.8774,0.825484
278,3222,3.1356,0.68779
279,3222,3.0418,0.584027
280,3222,2.5215,0.560244
281,3222,2.468,0.260312
282,3222,2.3798,0.0988705
283,3222,2.9547,0.0732623
284,3222,3.4399,0.157322
285,3222,2.7509,0.14452
286,3222,1.8085,0.301338
287,3222,1.9916,0.370009
288,3222,3.2218,0.420483
289,3222,2.6206,0.266572
290,3222,1.5958,0.354277
291,3222,3.8099,0.643599
292,3222,2.5989,0.543171
293,3222,3.2119,0.541395
294,3222,3.2683,0.570479
295,3222,3.2404,0.147278
296,3222,2.1485,0.200801
297,3222,2.1119,0.296156
298,3222,2.5107,0.25823
299,3222,2.4872,0.164529
300,3222,1.6132,0.106093
301,3222,3.9423,0.602416
302,3222,2.5938,0.558389
303,3222,1.6179,0.728328
304,3222,2.194,0.737823
305,3222,2.7625,0.591026
306,3222,2.0892,0.161877
307,3222,1.6059,0.182758
308,3222,3.2984,0.341531
309,3222,2.505,0.332624
310,3222,2.6633,0.321886
311,3222,2.3629,0.296303
312,3222,2.3636,0.121086
313,3222,2.6802,0.0190881
314,13222,2.3382,0.0242068
315,23222,1.6016,0.127413
316,23222,2.4857,0.134423
317,23222,2.31,0.133387
318,23222,1.6074,0.147145
319,23222,1.6016,0.154517
320,23222,2.8796,0.252432
321,11611,2.1462,0.228933
322,5805,1.6209,0.249496
323,2902,2.6761,0.276744
324,2902,2.7353,0.217882
325,2902,2.0348,0.173932
326,2902,1.582,0.246633
327,2902,2.6758,0.209939
328,2902,2.9208,0.252339
329,2902,2.0454,0.233132
330,2902,2.2543,0.221792
331,2902,2.2113,0.105512
332,2902,2.1733,0.0948027
333,2902,2.1608,0.00488561
334,12902,2.6223,0.0296092
335,22902,2.2907,0.029383
336,32902,1.6245,0.103343
337,32902,2.2517,0.104295
338,32902,2.1645,0.104254
339,32902,1.9825,0.0593039
340,32902,2.1466,0.049489
341,42902,2.1991,0.0082051
342,52902,2.2699,0.00900663
343,62902,2.6528,0.0494965
344,72902,2.0319,0.0445976
345,82902,2.241,0.0417391
346,92902,2.2291,0.0409251
347,102902,2.1966,0.0422257
348,112902,2.2464,0.00646899
349,122902,2.3166,0.00154709
350,132902,1.6449,0.0595786
351,132902,2.0209,0.057988
352,132902,1.6174,0.0858266
353,132902,1.7647,0.069549
354,132902,1.6623,0.0219212
355,142902,1.6154,0.0232067
356,152902,2.142,0.0393469
357,162902,1.6203,0.0391824
358,172902,1.5954,0.0435138
359,182902,1.7829,0.0427159
360,192902,1.9633,0.0431835
361,202902,1.6192,0.0197411
362,202902,1.7872,0.0177944
363,202902,2.209,0.0401884
364,202902,1.6216,0.0501206
365,3888,3.2786,0.391762
