chunk_id,chunk_size,time_ms
1,100000,1.579
2,100000,1.5657
3,100000,3.3031
4,100000,2.9027
5,100000,2.5612
6,100000,2.0978
7,100000,2.3054
8,100000,2.1661
9,100000,2.8944
10,100000,2.8763
11,100000,2.6684
12,100000,2.2065
13,100000,2.6446
14,100000,3.4461
15,100000,3.6884
16,100000,3.4159
17,100000,2.2175
18,100000,2.0846
19,100000,2.5879
20,100000,2.2159
21,100000,1.5392
22,100000,3.3279
23,100000,3.7047
24,100000,2.0742
25,100000,1.5443
26,100000,2.3902
27,100000,2.8874
28,100000,1.9836
29,100000,1.5366
30,100000,2.6785
31,100000,3.0713
32,100000,1.9596
33,100000,3.0532
34,100000,3.0166
35,100000,2.6374
36,100000,1.5579
37,100000,3.4828
38,100000,2.2413
39,100000,3.2365
40,100000,2.9867
41,100000,2.945
42,100000,2.7227
43,100000,2.0655
44,100000,2.1882
45,100000,3.3409
46,100000,2.8976
47,100000,2.8657
48,100000,1.5458
49,100000,2.7514
50,100000,3.0102
